{
  "project_info": {
    "project_number": "572267910040",
    "project_id": "crudapp-7cc92",
    "storage_bucket": "crudapp-7cc92.appspot.com"
  },
  "client": [
    {
      "client_info": {
        "mobilesdk_app_id": "1:572267910040:android:b59a6ccbe75c02469551ed",
        "android_client_info": {
          "package_name": "com.example.crudapp"
        }
      },
      "oauth_client": [
        {
          "client_id": "572267910040-jme5c22keknqu32k3hhqdngbkk6qua85.apps.googleusercontent.com",
          "client_type": 3
        }
      ],
      "api_key": [
        {
          "current_key": "AIzaSyDgXtL6Xfbj8_vySVRCAGf2_N87gpguyS0"
        }
      ],
      "services": {
        "appinvite_service": {
          "other_platform_oauth_client": [
            {
              "client_id": "572267910040-jme5c22keknqu32k3hhqdngbkk6qua85.apps.googleusercontent.com",
              "client_type": 3
            }
          ]
        }
      }
    }
  ],
  "configuration_version": "1"
}