<?xml version="1.0" encoding="UTF-8"?>
<project-private xmlns="http://www.netbeans.org/ns/project-private/1">
    <editor-bookmarks xmlns="http://www.netbeans.org/ns/editor-bookmarks/2" lastBookmarkId="0"/>
    <open-files xmlns="http://www.netbeans.org/ns/projectui-open-files/2">
        <group>
            <file>file:/D:/Ruxandra/elemente%20grafica%20pe%20calculator/game/ipPr/src/start/UpAction.java</file>
            <file>file:/D:/Ruxandra/elemente%20grafica%20pe%20calculator/game/ipPr/src/start/MyFrame.java</file>
            <file>file:/D:/Ruxandra/elemente%20grafica%20pe%20calculator/game/ipPr/src/start/RandomGen.java</file>
            <file>file:/D:/Ruxandra/elemente%20grafica%20pe%20calculator/game/ipPr/src/start/FlyWeightFactory.java</file>
            <file>file:/D:/Ruxandra/elemente%20grafica%20pe%20calculator/game/ipPr/src/start/MediatorPanel.java</file>
            <file>file:/D:/Ruxandra/elemente%20grafica%20pe%20calculator/game/ipPr/src/start/start.java</file>
            <file>file:/D:/Ruxandra/elemente%20grafica%20pe%20calculator/game/ipPr/src/start/FlyWeightFactoryTubes.java</file>
        </group>
    </open-files>
</project-private>
